Category,URL
ABARTH,/en/catalog/abarth
AC,/en/catalog/ac
ACURA,/en/catalog/acura
ALFA ROMEO,/en/catalog/alfa+romeo
ALLARD,/en/catalog/allard
ALLSTATE,/en/catalog/allstate
ALPINE,/en/catalog/alpine
ALVIS,/en/catalog/alvis
AM GENERAL,/en/catalog/am+general
AMERICAN AUSTIN,/en/catalog/american+austin
AMERICAN BANTAM,/en/catalog/american+bantam
AMERICAN MOTORS,/en/catalog/american+motors
AMPHICAR,/en/catalog/amphicar
APOLLO,/en/catalog/apollo
ARMSTRONG-SIDDELEY,/en/catalog/armstrong-siddeley
ARNOLT-BRISTOL,/en/catalog/arnolt-bristol
ARNOLT-MG,/en/catalog/arnolt-mg
ASTON MARTIN,/en/catalog/aston+martin
ASUNA,/en/catalog/asuna
AUBURN,/en/catalog/auburn
AUDI,/en/catalog/audi
AUSTIN,/en/catalog/austin
AUSTIN-HEALEY,/en/catalog/austin-healey
AVANTI,/en/catalog/avanti
BAIC,/en/catalog/baic
BENTLEY,/en/catalog/bentley
BERKELEY,/en/catalog/berkeley
BIZZARRINI,/en/catalog/bizzarrini
BMW,/en/catalog/bmw
BOND,/en/catalog/bond
BORGWARD,/en/catalog/borgward
BRICKLIN,/en/catalog/bricklin
BRIGHTDROP,/en/catalog/brightdrop
BRISTOL,/en/catalog/bristol
BUGATTI,/en/catalog/bugatti
BUICK,/en/catalog/buick
BYD,/en/catalog/byd
CADILLAC,/en/catalog/cadillac
CASE,/en/catalog/case
CHANGAN,/en/catalog/changan
CHECKER,/en/catalog/checker
CHEVROLET,/en/catalog/chevrolet
CHIREY,/en/catalog/chirey
CHRYSLER,/en/catalog/chrysler
CISITALIA,/en/catalog/cisitalia
CITROEN,/en/catalog/citroen
COLE,/en/catalog/cole
CONTINENTAL,/en/catalog/continental
CORD,/en/catalog/cord
CROSLEY,/en/catalog/crosley
CUNNINGHAM,/en/catalog/cunningham
CUPRA,/en/catalog/cupra
DAEWOO,/en/catalog/daewoo
DAF,/en/catalog/daf
DAIHATSU,/en/catalog/daihatsu
DAIMLER,/en/catalog/daimler
DATSUN,/en/catalog/datsun
DELAGE,/en/catalog/delage
DELAHAYE,/en/catalog/delahaye
DELLOW,/en/catalog/dellow
DELOREAN,/en/catalog/delorean
DENZEL,/en/catalog/denzel
DESOTO,/en/catalog/desoto
DETOMASO,/en/catalog/detomaso
DEUTSCH-BONNET,/en/catalog/deutsch-bonnet
DFSK,/en/catalog/dfsk
DIANA,/en/catalog/diana
DKW,/en/catalog/dkw
DODGE,/en/catalog/dodge
DORETTI,/en/catalog/doretti
DU PONT,/en/catalog/du+pont
DUAL-GHIA,/en/catalog/dual-ghia
DUESENBERG,/en/catalog/duesenberg
DURANT,/en/catalog/durant
EAGLE,/en/catalog/eagle
EDSEL,/en/catalog/edsel
ELCAR,/en/catalog/elcar
ELVA,/en/catalog/elva
ERSKINE,/en/catalog/erskine
ESSEX,/en/catalog/essex
EXCALIBUR,/en/catalog/excalibur
FACEL VEGA,/en/catalog/facel+vega
FAIRTHORPE,/en/catalog/fairthorpe
FALCON KNIGHT,/en/catalog/falcon+knight
FARGO,/en/catalog/fargo
FAW,/en/catalog/faw
FERRARI,/en/catalog/ferrari
FIAT,/en/catalog/fiat
FISKER,/en/catalog/fisker
FLINT,/en/catalog/flint
FORD,/en/catalog/ford
FOTON,/en/catalog/foton
FRANKLIN,/en/catalog/franklin
FRAZER NASH,/en/catalog/frazer+nash
FREIGHTLINER,/en/catalog/freightliner
GARDNER,/en/catalog/gardner
GEELY,/en/catalog/geely
GENESIS,/en/catalog/genesis
GEO,/en/catalog/geo
GIANT MOTORS,/en/catalog/giant+motors
GLAS,/en/catalog/glas
GMC,/en/catalog/gmc
GOLIATH,/en/catalog/goliath
GORDON-KEEBLE,/en/catalog/gordon-keeble
GRAHAM,/en/catalog/graham
GRAHAM-PAIGE,/en/catalog/graham-paige
GRIFFITH,/en/catalog/griffith
GWM,/en/catalog/gwm
HEALEY,/en/catalog/healey
HENRY J,/en/catalog/henry+j
HILLMAN,/en/catalog/hillman
HINO,/en/catalog/hino
HISPANO-SUIZA,/en/catalog/hispano-suiza
HONDA,/en/catalog/honda
HOTCHKISS,/en/catalog/hotchkiss
HRG,/en/catalog/hrg
HUDSON,/en/catalog/hudson
HUMBER,/en/catalog/humber
HUMMER,/en/catalog/hummer
HUPMOBILE,/en/catalog/hupmobile
HYUNDAI,/en/catalog/hyundai
INEOS,/en/catalog/ineos
INFINITI,/en/catalog/infiniti
INTERNATIONAL,/en/catalog/international
ISO,/en/catalog/iso
ISUZU,/en/catalog/isuzu
IVECO,/en/catalog/iveco
JAC,/en/catalog/jac
JAGUAR,/en/catalog/jaguar
JEEP,/en/catalog/jeep
JENSEN,/en/catalog/jensen
JEWETT,/en/catalog/jewett
JMC,/en/catalog/jmc
JORDAN,/en/catalog/jordan
JOWETT,/en/catalog/jowett
KAISER-FRAZER,/en/catalog/kaiser-frazer
KARMA,/en/catalog/karma
KENWORTH,/en/catalog/kenworth
KIA,/en/catalog/kia
KISSEL,/en/catalog/kissel
KURTIS,/en/catalog/kurtis
LADA,/en/catalog/lada
LAFORZA,/en/catalog/laforza
LAGONDA,/en/catalog/lagonda
LAMBORGHINI,/en/catalog/lamborghini
LANCHESTER,/en/catalog/lanchester
LANCIA,/en/catalog/lancia
LAND ROVER,/en/catalog/land+rover
LASALLE,/en/catalog/lasalle
LEA-FRANCIS,/en/catalog/lea-francis
LEXINGTON,/en/catalog/lexington
LEXUS,/en/catalog/lexus
LINCOLN,/en/catalog/lincoln
LORDSTOWN MOTORS,/en/catalog/lordstown+motors
LOTUS,/en/catalog/lotus
LUCID,/en/catalog/lucid
MACK,/en/catalog/mack
MAICO,/en/catalog/maico
MARATHON,/en/catalog/marathon
MARAUDER,/en/catalog/marauder
MARCOS,/en/catalog/marcos
MARMON,/en/catalog/marmon
MASERATI,/en/catalog/maserati
MASTRETTA,/en/catalog/mastretta
MATRA,/en/catalog/matra
MAXWELL,/en/catalog/maxwell
MAYBACH,/en/catalog/maybach
MAZDA,/en/catalog/mazda
MCLAREN,/en/catalog/mclaren
MERCEDES-BENZ,/en/catalog/mercedes-benz
MERCURY,/en/catalog/mercury
MERKUR,/en/catalog/merkur
MESSERSCHMITT,/en/catalog/messerschmitt
MG,/en/catalog/mg
MINI,/en/catalog/mini
MITSUBISHI,/en/catalog/mitsubishi
MITSUBISHI FUSO,/en/catalog/mitsubishi+fuso
MOBILITY VENTURES,/en/catalog/mobility+ventures
MONTEVERDI,/en/catalog/monteverdi
MOON,/en/catalog/moon
MORETTI,/en/catalog/moretti
MORGAN,/en/catalog/morgan
MORRIS,/en/catalog/morris
MOSKVICH,/en/catalog/moskvich
NARDI,/en/catalog/nardi
NASH,/en/catalog/nash
NISSAN,/en/catalog/nissan
NSU,/en/catalog/nsu
OAKLAND,/en/catalog/oakland
OLDSMOBILE,/en/catalog/oldsmobile
OMEGA,/en/catalog/omega
OMODA,/en/catalog/omoda
OPEL,/en/catalog/opel
OSCA,/en/catalog/osca
PACKARD,/en/catalog/packard
PAIGE,/en/catalog/paige
PANHARD,/en/catalog/panhard
PANOZ,/en/catalog/panoz
PANTHER,/en/catalog/panther
PASSPORT,/en/catalog/passport
PEERLESS,/en/catalog/peerless
PEGASO,/en/catalog/pegaso
PETERBILT,/en/catalog/peterbilt
PEUGEOT,/en/catalog/peugeot
PIERCE-ARROW,/en/catalog/pierce-arrow
PLYMOUTH,/en/catalog/plymouth
POLESTAR,/en/catalog/polestar
PONTIAC,/en/catalog/pontiac
PORSCHE,/en/catalog/porsche
QVALE,/en/catalog/qvale
RAM,/en/catalog/ram
RELIANT,/en/catalog/reliant
RENAULT,/en/catalog/renault
REO,/en/catalog/reo
RICKENBACKER,/en/catalog/rickenbacker
RILEY,/en/catalog/riley
RIVIAN,/en/catalog/rivian
ROAMER,/en/catalog/roamer
ROCKNE,/en/catalog/rockne
ROLLS-ROYCE,/en/catalog/rolls-royce
ROVER,/en/catalog/rover
SAAB,/en/catalog/saab
SABRA,/en/catalog/sabra
SALEEN,/en/catalog/saleen
SALMSON,/en/catalog/salmson
SATURN,/en/catalog/saturn
SCION,/en/catalog/scion
SEAT,/en/catalog/seat
SERES,/en/catalog/seres
SHELBY,/en/catalog/shelby
SIATA,/en/catalog/siata
SIMCA,/en/catalog/simca
SINGER,/en/catalog/singer
SKODA,/en/catalog/skoda
SMART,/en/catalog/smart
SPYKER,/en/catalog/spyker
SRT,/en/catalog/srt
SSANGYONG,/en/catalog/ssangyong
STANDARD,/en/catalog/standard
STAR,/en/catalog/star
STEARNS KNIGHT,/en/catalog/stearns+knight
STERLING,/en/catalog/sterling
STEVENS-DURYEA,/en/catalog/stevens-duryea
STUDEBAKER,/en/catalog/studebaker
STUTZ,/en/catalog/stutz
SUBARU,/en/catalog/subaru
SUNBEAM,/en/catalog/sunbeam
SUZUKI,/en/catalog/suzuki
SWALLOW,/en/catalog/swallow
TALBOT-LAGO,/en/catalog/talbot-lago
TATRA,/en/catalog/tatra
TESLA,/en/catalog/tesla
THINK,/en/catalog/think
TOYOTA,/en/catalog/toyota
TRIUMPH,/en/catalog/triumph
TURNER,/en/catalog/turner
TVR,/en/catalog/tvr
UAZ,/en/catalog/uaz
UD,/en/catalog/ud
UTILIMASTER,/en/catalog/utilimaster
VAM,/en/catalog/vam
VAUXHALL,/en/catalog/vauxhall
VESPA,/en/catalog/vespa
VINFAST,/en/catalog/vinfast
VOLKSWAGEN,/en/catalog/volkswagen
VOLVO,/en/catalog/volvo
VPG,/en/catalog/vpg
WARTBURG,/en/catalog/wartburg
WESTCOTT,/en/catalog/westcott
WHIPPET,/en/catalog/whippet
WILLYS,/en/catalog/willys
WINDSOR,/en/catalog/windsor
WOLSELEY,/en/catalog/wolseley
WORKHORSE,/en/catalog/workhorse
YELLOW CAB,/en/catalog/yellow+cab
YUGO,/en/catalog/yugo
ZACUA,/en/catalog/zacua
ZUNDAPP,/en/catalog/zundapp
